Name,Math,Science,English,Hindi,Total,Average,Grade,Result
Rahul,78,85,90,46,299,99.66666666666667,A,Pass
Aman,88,79,92,89,348,116.0,A,Pass
Priya,95,91,89,98,373,124.33333333333333,A,Pass
Neha,70,75,80,67,292,97.33333333333333,A,Pass
Rohit,60,65,70,78,273,91.0,A,Pass
